position,wt_aa,delta_elbo,abs_delta_elbo
616,A,-296.77294435175725,296.77294435175725
620,V,-280.8224817420082,280.8224817420082
522,V,-275.84457154050176,275.84457154050176
486,E,-269.1580457221349,269.1580457221349
491,L,-268.9095890582133,268.9095890582133
347,A,-260.1280389291352,260.1280389291352
521,E,-257.9576689076831,257.9576689076831
474,S,-256.4600487545573,256.4600487545573
685,N,-254.98477431199726,254.98477431199726
612,E,-249.58480012944523,249.58480012944523
696,Q,-245.5609071910717,245.5609071910717
508,R,-245.2355177482013,245.2355177482013
711,T,-244.46549100753555,244.46549100753555
348,F,-241.65901623981694,241.65901623981694
518,L,-236.01256653714228,236.01256653714228
523,A,-235.1715784951747,235.1715784951747
588,S,-233.49727636392143,233.49727636392143
411,T,-228.62225177553586,228.62225177553586
603,N,-226.52154940676448,226.52154940676448
304,S,-226.37747053276962,226.37747053276962
602,V,-222.3058439414446,222.3058439414446
701,G,-221.85810906887238,221.85810906887238
686,T,-221.84178167294567,221.84178167294567
605,Q,-221.5291862226932,221.5291862226932
466,A,-220.064668746771,220.064668746771
392,K,-219.93566872265228,219.93566872265228
712,Y,-218.4965170492685,218.4965170492685
502,S,-218.17326526161185,218.17326526161185
581,D,-217.81769868102685,217.81769868102685
485,V,-217.73184337612335,217.73184337612335
410,F,-217.04163427344258,217.04163427344258
598,L,-215.06054414097014,215.06054414097014
513,A,-213.5662073944344,213.5662073944344
510,E,-213.1286259256798,213.1286259256798
265,D,-209.56021254935231,209.56021254935231
687,D,-207.9958002615114,207.9958002615114
345,N,-207.91370690935258,207.91370690935258
517,G,-207.84261267584284,207.84261267584284
507,Q,-206.8782656354947,206.8782656354947
619,R,-205.83372909144606,205.83372909144606
611,G,-204.7247249806431,204.7247249806431
587,V,-204.60842218211513,204.60842218211513
488,A,-203.80938810337722,203.80938810337722
512,Y,-202.47923170275914,202.47923170275914
490,K,-201.31931735750692,201.31931735750692
519,Y,-200.88149610606922,200.88149610606922
717,Q,-200.0791016493557,200.0791016493557
607,V,-199.44416221276236,199.44416221276236
718,A,-197.82784828510785,197.82784828510785
404,H,-196.96885426245902,196.96885426245902
699,K,-196.4714495297848,196.4714495297848
613,A,-195.63468228082752,195.63468228082752
734,L,-195.3158681812597,195.3158681812597
767,I,-195.14436083488587,195.14436083488587
608,D,-194.96833320237377,194.96833320237377
705,S,-194.89031128529717,194.89031128529717
599,T,-194.58459799325675,194.58459799325675
716,T,-193.84523253319958,193.84523253319958
391,P,-193.24172293976508,193.24172293976508
509,K,-192.31601301215505,192.31601301215505
703,L,-192.05389173008373,192.05389173008373
738,E,-191.57243509634208,191.57243509634208
615,R,-190.70187531841748,190.70187531841748
362,Y,-190.20363369194456,190.20363369194456
709,I,-190.0042825350824,190.0042825350824
524,Q,-187.8050971426853,187.8050971426853
344,I,-187.62661692106457,187.62661692106457
596,H,-187.27056612283135,187.27056612283135
264,S,-187.13512880954562,187.13512880954562
617,E,-187.06011785813246,187.06011785813246
413,G,-186.86987111298103,186.86987111298103
614,A,-186.57922990282455,186.57922990282455
394,S,-185.93307211720273,185.93307211720273
467,Q,-185.60568160765797,185.60568160765797
185,H,-185.3370613523794,185.3370613523794
414,G,-184.42209290653255,184.42209290653255
601,L,-183.4679014121608,183.4679014121608
757,N,-182.94202014029696,182.94202014029696
494,P,-182.7901968751936,182.7901968751936
591,Q,-180.98299629643697,180.98299629643697
700,M,-180.9453027860887,180.9453027860887
706,E,-180.67040253815944,180.67040253815944
597,K,-178.76286818948546,178.76286818948546
278,R,-178.70522699060066,178.70522699060066
408,A,-178.57926315815521,178.57926315815521
520,H,-177.80987253582236,177.80987253582236
695,E,-177.46263804538088,177.46263804538088
106,M,-177.28904878931866,177.28904878931866
593,R,-176.8560833825453,176.8560833825453
487,W,-176.63871731256097,176.63871731256097
402,N,-176.55175295094938,176.55175295094938
489,A,-174.59149127249927,174.59149127249927
618,A,-174.36510913452756,174.36510913452756
297,P,-173.73004055380264,173.73004055380264
197,G,-173.3571140304922,173.3571140304922
356,G,-170.87923718692815,170.87923718692815
482,V,-169.81303596444747,169.81303596444747
592,V,-167.06030875020502,167.06030875020502
262,G,-165.66989104065146,165.66989104065146
268,E,-165.6281690511245,165.6281690511245
376,C,-164.903306554282,164.903306554282
737,F,-164.63297569506173,164.63297569506173
492,G,-163.7310676233234,163.7310676233234
346,D,-163.2059798948525,163.2059798948525
184,N,-161.49168454076946,161.49168454076946
384,D,-161.34926930260556,161.34926930260556
393,I,-161.13055914688633,161.13055914688633
401,V,-160.6283085047861,160.6283085047861
704,L,-157.0233379113988,157.0233379113988
580,V,-156.8935794681803,156.8935794681803
606,N,-156.8347042437706,156.8347042437706
714,E,-155.4635392080471,155.4635392080471
579,G,-154.5225660710692,154.5225660710692
337,S,-154.007548934122,154.007548934122
209,L,-152.49164334685446,152.49164334685446
627,V,-152.14414420033302,152.14414420033302
471,N,-151.9998105588866,151.9998105588866
353,T,-151.79906082886222,151.79906082886222
578,H,-151.49288513789472,151.49288513789472
198,V,-151.14476172714203,151.14476172714203
577,A,-150.19193786576452,150.19193786576452
201,A,-149.82177933923293,149.82177933923293
187,S,-148.6521782754179,148.6521782754179
107,K,-147.7926202214555,147.7926202214555
137,F,-147.19296924286698,147.19296924286698
260,A,-147.07553073063687,147.07553073063687
506,A,-145.38695920126054,145.38695920126054
355,T,-145.21217488597395,145.21217488597395
390,F,-145.15546812312593,145.15546812312593
388,Y,-145.08776611486746,145.08776611486746
387,F,-144.36157678038273,144.36157678038273
389,S,-144.01870662945078,144.01870662945078
412,E,-143.1186285674203,143.1186285674203
501,D,-142.68106938106644,142.68106938106644
135,L,-141.27918883967683,141.27918883967683
403,P,-141.21218523228157,141.21218523228157
481,E,-138.5468236484685,138.5468236484685
480,K,-136.63447949553375,136.63447949553375
378,P,-136.60749286683435,136.60749286683435
156,Q,-133.67069551727468,133.67069551727468
472,A,-131.7466591807994,131.7466591807994
415,P,-131.58878342435887,131.58878342435887
503,N,-131.27355915599964,131.27355915599964
735,M,-131.2083366091058,131.2083366091058
263,F,-129.49006731131442,129.49006731131442
742,D,-129.12835481662043,129.12835481662043
493,L,-127.702819829298,127.702819829298
732,D,-127.58744418388581,127.58744418388581
469,F,-127.26289341201004,127.26289341201004
202,P,-125.4414261567516,125.4414261567516
710,G,-124.59685935757646,124.59685935757646
206,A,-124.09015494711852,124.09015494711852
160,E,-123.72205599560935,123.72205599560935
203,L,-122.81334610896319,122.81334610896319
713,E,-122.560086036021,122.560086036021
275,D,-121.54670207609499,121.54670207609499
470,V,-120.67648037355158,120.67648037355158
155,D,-120.15217332820468,120.15217332820468
207,G,-118.4534746797796,118.4534746797796
190,N,-116.10406063696546,116.10406063696546
123,F,-115.9758415326215,115.9758415326215
159,E,-114.98488535945239,114.98488535945239
186,F,-113.53070687114119,113.53070687114119
205,V,-112.33234368372436,112.33234368372436
499,W,-112.27319090598074,112.27319090598074
281,F,-110.47773905098857,110.47773905098857
741,E,-110.09368634419393,110.09368634419393
299,T,-109.90926032336166,109.90926032336166
731,A,-109.20478912807606,109.20478912807606
143,S,-109.1885110134736,109.1885110134736
129,G,-108.91801567796587,108.91801567796587
261,F,-108.05724930479693,108.05724930479693
199,V,-106.98446640845025,106.98446640845025
136,F,-104.7940330571764,104.7940330571764
702,E,-104.62535315608525,104.62535315608525
157,V,-103.9293108184116,103.9293108184116
383,N,-103.15573542591362,103.15573542591362
208,F,-102.26736965138771,102.26736965138771
189,N,-100.63070139239368,100.63070139239368
211,G,-100.44127141249629,100.44127141249629
139,N,-98.61599717646511,98.61599717646511
154,S,-98.21968972858666,98.21968972858666
755,A,-97.56582326298356,97.56582326298356
715,S,-96.68221581865583,96.68221581865583
153,S,-96.14369192546566,96.14369192546566
182,Y,-95.77562535354079,95.77562535354079
158,I,-94.88063053099816,94.88063053099816
200,G,-92.65456776907547,92.65456776907547
183,E,-89.76747555750381,89.76747555750381
213,T,-89.7330573914215,89.7330573914215
500,D,-88.74662014070266,88.74662014070266
688,F,-87.53821599502271,87.53821599502271
204,T,-87.39065320665483,87.39065320665483
495,L,-85.75914686540935,85.75914686540935
631,Y,-85.05369647260075,85.05369647260075
496,V,-83.4634381867592,83.4634381867592
146,R,-83.30466656751564,83.30466656751564
382,N,-82.21918557746176,82.21918557746176
138,L,-78.9859189175048,78.9859189175048
180,A,-78.75009318589203,78.75009318589203
498,R,-78.19065521345948,78.19065521345948
497,F,-78.12209858934412,78.12209858934412
142,N,-77.72502230315983,77.72502230315983
267,C,-76.86681179003104,76.86681179003104
210,L,-75.58444172111123,75.58444172111123
144,K,-75.01206507801663,75.01206507801663
179,L,-74.41726836097874,74.41726836097874
141,M,-74.11898505884506,74.11898505884506
177,D,-73.50620864703006,73.50620864703006
178,T,-72.54463697061885,72.54463697061885
632,S,-72.41412414394219,72.41412414394219
600,L,-71.46169929567833,71.46169929567833
212,M,-71.01484354655464,71.01484354655464
733,L,-70.60785535444415,70.60785535444415
296,R,-70.05618836117391,70.05618836117391
274,A,-69.84446216384141,69.84446216384141
707,N,-68.78282423370315,68.78282423370315
628,R,-67.86096365712183,67.86096365712183
629,E,-67.67494155837873,67.67494155837873
318,Q,-67.46276051496244,67.46276051496244
630,S,-67.34905464569755,67.34905464569755
336,F,-66.35414293475934,66.35414293475934
176,F,-66.05706836513397,66.05706836513397
237,E,-65.29202424059044,65.29202424059044
181,V,-65.03278634942076,65.03278634942076
140,F,-64.17998595106309,64.17998595106309
282,N,-61.28438998272891,61.28438998272891
269,K,-60.20322889189852,60.20322889189852
319,F,-58.003150454595854,58.003150454595854
300,D,-57.34009456733884,57.34009456733884
333,Q,-56.108855081660124,56.108855081660124
626,F,-55.49681224422709,55.49681224422709
736,S,-55.30758944678358,55.30758944678358
708,A,-54.81107096420298,54.81107096420298
280,F,-54.630205944109065,54.630205944109065
270,S,-54.19519872683992,54.19519872683992
743,K,-53.904982294510575,53.904982294510575
276,M,-53.55953754012717,53.55953754012717
335,L,-53.42945259685884,53.42945259685884
165,A,-53.347072412211446,53.347072412211446
164,T,-52.856461692446345,52.856461692446345
740,M,-52.81730035482603,52.81730035482603
161,M,-52.62448244875142,52.62448244875142
719,A,-52.60202801807203,52.60202801807203
234,V,-52.54678665453329,52.54678665453329
169,D,-52.13881794535344,52.13881794535344
170,Q,-52.10232654513074,52.10232654513074
745,Q,-52.05136847886081,52.05136847886081
168,V,-51.98737664700295,51.98737664700295
725,C,-51.923171194257066,51.923171194257066
219,A,-51.900063526156586,51.900063526156586
174,K,-51.81759728640216,51.81759728640216
238,A,-51.80746883395702,51.80746883395702
222,N,-51.79112589834794,51.79112589834794
341,H,-51.72547544070483,51.72547544070483
751,D,-51.66512900595403,51.66512900595403
166,H,-51.598778194366744,51.598778194366744
245,S,-51.26634376917485,51.26634376917485
622,L,-51.184218863376955,51.184218863376955
235,A,-51.159437595256804,51.159437595256804
723,I,-51.15805467116944,51.15805467116944
744,A,-51.12931683086035,51.12931683086035
754,N,-50.958953010700554,50.958953010700554
229,H,-50.935960249257974,50.935960249257974
753,V,-50.86483406655374,50.86483406655374
244,M,-50.79611806341208,50.79611806341208
162,L,-50.78385412550543,50.78385412550543
167,Y,-50.77103777630636,50.77103777630636
623,E,-50.76577512867931,50.76577512867931
730,A,-50.72008208294338,50.72008208294338
473,T,-50.71564418510509,50.71564418510509
230,H,-50.66136798329258,50.66136798329258
231,P,-50.62612761403828,50.62612761403828
747,R,-50.44764569922333,50.44764569922333
239,C,-50.3502390223513,50.3502390223513
236,E,-50.33590346812895,50.33590346812895
340,C,-50.248259543518415,50.248259543518415
746,Q,-50.227887105499605,50.227887105499605
621,Y,-50.105954185477785,50.105954185477785
772,V,-49.97169111313373,49.97169111313373
224,V,-49.93731400096546,49.93731400096546
241,L,-49.88483295981433,49.88483295981433
726,C,-49.86016940041465,49.86016940041465
624,E,-49.85836681902839,49.85836681902839
225,I,-49.834669417136524,49.834669417136524
722,A,-49.663437601155366,49.663437601155366
789,H,-49.65383996900124,49.65383996900124
223,H,-49.567705875186036,49.567705875186036
257,G,-49.52995469490993,49.52995469490993
258,R,-49.37710635199679,49.37710635199679
214,K,-49.327930960165915,49.327930960165915
720,R,-49.310200357626286,49.310200357626286
216,A,-49.28698473639814,49.28698473639814
750,I,-49.27369319131674,49.27369319131674
221,L,-49.26131954378998,49.26131954378998
259,F,-49.16306193331161,49.16306193331161
377,H,-49.14775686399098,49.14775686399098
163,D,-49.13094552168569,49.13094552168569
727,G,-48.99856015728672,48.99856015728672
173,L,-48.98181848653856,48.98181848653856
724,E,-48.968405102032975,48.968405102032975
343,I,-48.932855384293646,48.932855384293646
227,T,-48.714370074056646,48.714370074056646
242,D,-48.60490903785613,48.60490903785613
790,S,-48.54544731095457,48.54544731095457
342,K,-48.49040249111448,48.49040249111448
217,K,-48.40980573487107,48.40980573487107
215,N,-48.24340211815772,48.24340211815772
251,E,-48.08514317327952,48.08514317327952
218,V,-48.032318846808664,48.032318846808664
233,R,-47.97484173726811,47.97484173726811
226,T,-47.79264190311298,47.79264190311298
788,Y,-47.792519751437624,47.792519751437624
240,L,-47.59154404261278,47.59154404261278
785,K,-47.52930811521446,47.52930811521446
748,A,-47.41741227553369,47.41741227553369
243,Q,-47.41123265449549,47.41123265449549
721,V,-47.38360973697364,47.38360973697364
749,V,-47.2497677153723,47.2497677153723
338,E,-47.1278640489048,47.1278640489048
220,S,-46.600876145620845,46.600876145620845
232,V,-46.38154124691745,46.38154124691745
752,V,-46.259982315473025,46.259982315473025
739,S,-45.801094920413476,45.801094920413476
